rank,name,views,profile_pic
1,tseries,"110,178,163,706",https://yt3.ggpht.com/-8ZnBMvGyRbQ/AAAAAAAAAAI/AAAAAAAAAAA/_Hp2swLOznQ/s240-c-k-no/photo.jpg
2,checkgate,"64,329,730,012",https://yt3.ggpht.com/-gn0wGBOL4hE/AAAAAAAAAAI/AAAAAAAAAAA/RRCSsKhYNL8/s240-c-k-no/photo.jpg
3,setindia,"56,316,634,259",https://yt3.ggpht.com/-ZHjW5xTENKE/AAAAAAAAAAI/AAAAAAAAAAA/xI4YdGRWkFM/s240-c-k-no/photo.jpg
4,zeetv,"44,940,384,312",https://yt3.ggpht.com/-0JMe8Km4M_M/AAAAAAAAAAI/AAAAAAAAAAA/AthkbcZAG1E/s240-c-k-no/photo.jpg
5,WWEFanNation,"43,704,868,794",https://yt3.ggpht.com/-5PUl_QbabAQ/AAAAAAAAAAI/AAAAAAAAAAA/MbgCFPQeJrQ/s240-c-k-no/photo.jpg
6,universalmusicgroup,"1,399,516",https://yt3.ggpht.com/-RCEExB52WI8/AAAAAAAAAAI/AAAAAAAAAAA/FRkoObyWOQ0/s240-c-k-no/photo.jpg
7,movieclips,"37,393,228,711",https://yt3.ggpht.com/-eUygaxpkDso/AAAAAAAAAAI/AAAAAAAAAAA/sgWUW78eZsA/s240-c-k-no/photo.jpg
8,abscbnonline,"36,175,902,947",https://yt3.ggpht.com/-EL-tNzVmmn0/AAAAAAAAAAI/AAAAAAAAAAA/chaPB-ofTSs/s240-c-k-no/photo.jpg
9,muyap,0,
10,netdmuzikk,"35,858,394,942",https://yt3.ggpht.com/-3DiCh6SdyOY/AAAAAAAAAAI/AAAAAAAAAAA/mjO-Mt88Z6E/s240-c-k-no/photo.jpg
11,reinomariaelenawalsh,"30,964,886,542",https://yt3.ggpht.com/-9pBeUKQg9e4/AAAAAAAAAAI/AAAAAAAAAAA/XU2hlaqVT_o/s240-c-k-no/photo.jpg
12,canalkondzilla,"30,205,099,958",https://yt3.ggpht.com/-9Ks9WFmc-ZM/AAAAAAAAAAI/AAAAAAAAAAA/tXZNqbE2nJQ/s240-c-k-no/photo.jpg
13,UCk8GzjMOrta8yxDcKfylJYw,"28,553,629,751",https://yt3.ggpht.com/a-/AAuE7mDMxdQ1gDKm0W9Bkn1Q9qs1evmPKHBwT2JIIQ=s800-mo-c-c0xffffffff-rj-k-no
14,sabtv,"28,210,612,566",https://yt3.ggpht.com/-XRJjUNZIgCg/AAAAAAAAAAI/AAAAAAAAAAA/UrPIU8rgNHU/s240-c-k-no/photo.jpg
15,littlebabybum,"26,028,297,435",https://yt3.ggpht.com/-KLfbkE3zovQ/AAAAAAAAAAI/AAAAAAAAAAA/gMZ_6qxvEXw/s240-c-k-no/photo.jpg
16,PewDiePie,"25,640,084,489",https://yt3.ggpht.com/-rJq9gk1QIis/AAAAAAAAAAI/AAAAAAAAAAA/Kx4wkvKOfxY/s240-c-k-no/photo.jpg
17,mashamedvedtv,"24,112,737,859",https://yt3.ggpht.com/-unmlbuKol80/AAAAAAAAAAI/AAAAAAAAAAA/m4lpU_eEvcY/s240-c-k-no/photo.jpg
18,getmovies,"23,312,005,831",https://yt3.ggpht.com/-5sew2n4kqN4/AAAAAAAAAAI/AAAAAAAAAAA/Y8w5B1NwTsE/s240-c-k-no/photo.jpg
19,thechuchutv,"22,916,511,303",https://yt3.ggpht.com/-QHPC9emY_8c/AAAAAAAAAAI/AAAAAAAAAAA/03fPGkHcBbk/s240-c-k-no/photo.jpg
20,supersimplesongs,"20,623,813,332",https://yt3.ggpht.com/-nHzSx4QKfsY/AAAAAAAAAAI/AAAAAAAAAAA/o_0k7TejOiI/s240-c-k-no/photo.jpg
21,JustinBieberVEVO,"20,367,120,725",https://yt3.ggpht.com/-VA1VJBph20Q/AAAAAAAAAAI/AAAAAAAAAAA/WJxOBPTsGt8/s240-c-k-no/photo.jpg
22,EdSheeran,"20,101,072,867",https://yt3.ggpht.com/-Yn_PpHByTN8/AAAAAAAAAAI/AAAAAAAAAAA/p7Om3nMN3Bk/s240-c-k-no/photo.jpg
23,TheEllenShow,"19,795,663,876",https://yt3.ggpht.com/-dDZUkj9sY4g/AAAAAAAAAAI/AAAAAAAAAAA/oy6dm2Uy8dc/s240-c-k-no/photo.jpg
24,KatyPerryVEVO,"19,242,167,750",https://yt3.ggpht.com/-rt3CHrjtobI/AAAAAAAAAAI/AAAAAAAAAAA/Bcmdk1F2-kY/s240-c-k-no/photo.jpg
25,colorstv,"18,948,950,649",https://yt3.ggpht.com/-RrcWZbQ0dKs/AAAAAAAAAAI/AAAAAAAAAAA/1KoxEfT0ZFY/s240-c-k-no/photo.jpg
26,TaylorSwiftVEVO,"18,740,069,262",https://yt3.ggpht.com/-PS6pgnf-7pY/AAAAAAAAAAI/AAAAAAAAAAA/QCBjV6iZUBI/s240-c-k-no/photo.jpg
27,gmmonetv,"18,299,831,965",https://yt3.ggpht.com/-5pzNllzae2g/AAAAAAAAAAI/AAAAAAAAAAA/JyUxPTfE0EU/s240-c-k-no/photo.jpg
28,gmmgrammyofficial,"17,966,960,410",https://yt3.ggpht.com/-0kiv-E8Nsts/AAAAAAAAAAI/AAAAAAAAAAA/SG1nixTohaE/s240-c-k-no/photo.jpg
29,shakiraVEVO,"17,924,866,265",https://yt3.ggpht.com/-Kcd3KMxoqzw/AAAAAAAAAAI/AAAAAAAAAAA/EvhGpQ4rsh8/s240-c-k-no/photo.jpg
30,filmigaane,"17,603,292,912",https://yt3.ggpht.com/-MhSRny62Zx8/AAAAAAAAAAI/AAAAAAAAAAA/GrBhgnIkpEY/s240-c-k-no/photo.jpg
31,UC295-Dw_tDNtZXFeAPAW6Aw,"17,564,655,214",https://yt3.ggpht.com/-xIpCEoEWz-U/AAAAAAAAAAI/AAAAAAAAAAA/583J6o-KtGc/s240-c-k-no-mo-rj-c0xffffff/p
32,buzzfeedvideo,"16,759,036,358",https://yt3.ggpht.com/-iJJcDIkIjL0/AAAAAAAAAAI/AAAAAAAAAAA/Rf6VBJ2D-MA/s240-c-k-no/photo.jpg
33,yrf,"16,774,136,792",https://yt3.ggpht.com/-AfMCOay1RIM/AAAAAAAAAAI/AAAAAAAAAAA/odYx-Nw-4Ko/s240-c-k-no/photo.jpg
34,thediamondminecart,"16,703,019,923",https://yt3.ggpht.com/-KEJYjuwz0-c/AAAAAAAAAAI/AAAAAAAAAAA/ScEc76PWvak/s240-c-k-no/photo.jpg
35,loenent,"16,629,193,380",https://yt3.ggpht.com/-1rNzpk0TNMc/AAAAAAAAAAI/AAAAAAAAAAA/zTbjW8YV6vs/s240-c-k-no/photo.jpg
36,SMTOWN,"16,601,571,324",https://yt3.ggpht.com/-0AMidEDdJHA/AAAAAAAAAAI/AAAAAAAAAAA/I3JAblk9mv0/s240-c-k-no/photo.jpg
37,SpinninRec,"16,491,638,638",https://yt3.ggpht.com/-yZkhExtYPZg/AAAAAAAAAAI/AAAAAAAAAAA/OfongtErwyo/s240-c-k-no/photo.jpg
38,gmanetwork,"16,094,775,498",https://yt3.ggpht.com/-n3faOVo8ZBE/AAAAAAAAAAI/AAAAAAAAAAA/RM3YnWSD7Wg/s240-c-k-no/photo.jpg
39,UChGJGhZ9SOOHvBB0Y4DOO_w,"16,027,700,029",https://yt3.ggpht.com/-pABd64iD4ig/AAAAAAAAAAI/AAAAAAAAAAA/gZhIgw3BnCs/s240-c-k-no-mo-rj-c0xffffff/p
40,worldstarhiphoptv,"15,808,308,441",https://yt3.ggpht.com/-1gZ3hYIgd4M/AAAAAAAAAAI/AAAAAAAAAAA/TCKL8MA-QJ4/s240-c-k-no/photo.jpg
41,toyoraljanahtv,"15,805,392,652",https://yt3.ggpht.com/-XImE-iPCUBg/AAAAAAAAAAI/AAAAAAAAAAA/BddF3bIGXjg/s240-c-k-no/photo.jpg
42,speedrecordss,"15,708,401,288",https://yt3.ggpht.com/-8R58jy8vKM0/AAAAAAAAAAI/AAAAAAAAAAA/YL3KTjHFUK4/s240-c-k-no/photo.jpg
43,UC48h7Dst_hX82HxOf3xJw_w,"15,679,035,390",https://yt3.ggpht.com/a/AGF-l7_IeGszHgzrgFdsdgCsfk5qI-uZBUgzajbj4A=s800-c-k-c0xffffffff-no-rj-mo
44,juptube,"15,454,721,702",https://yt3.ggpht.com/-aUgN2mI_vVM/AAAAAAAAAAI/AAAAAAAAAAA/cLsy2c5Ks4k/s240-c-k-no/photo.jpg
45,fgteev,"15,304,514,947",https://yt3.ggpht.com/-1lue4FEosIY/AAAAAAAAAAI/AAAAAAAAAAA/aj6WBeJOFXk/s240-c-k-no/photo.jpg
46,RihannaVEVO,"15,230,733,415",https://yt3.ggpht.com/-7iKcy1xQesU/AAAAAAAAAAI/AAAAAAAAAAA/AqQs92Q0Y8w/s240-c-k-no/photo.jpg
47,maroon5vevo,"15,162,461,708",https://yt3.ggpht.com/-Xfs4y4Qvce4/AAAAAAAAAAI/AAAAAAAAAAA/GulIcxMxXR0/s240-c-k-no/photo.jpg
48,disneycollectorbr,"14,910,851,395",https://yt3.ggpht.com/-sSB36cFW0N4/AAAAAAAAAAI/AAAAAAAAAAA/4XxC7rLRwKo/s240-c-k-no/photo.jpg
49,eminemVEVO,"14,791,016,474",https://yt3.ggpht.com/-NzI5Ni67ppc/AAAAAAAAAAI/AAAAAAAAAAA/7wGQowTOWWg/s240-c-k-no/photo.jpg
50,gr6explode,"14,513,632,042",https://yt3.ggpht.com/-jV57X_03kTA/AAAAAAAAAAI/AAAAAAAAAAA/Usozma3mRoY/s240-c-k-no-mo-rj-c0xffffff/p
51,cybervillagesolution,"14,335,378,709",https://yt3.ggpht.com/-dYkpIWNnUjI/AAAAAAAAAAI/AAAAAAAAAAA/6G2bhkhwJIY/s240-c-k-no/photo.jpg
52,jbalvinvevo,"14,139,741,574",https://yt3.ggpht.com/-alZME7J_fks/AAAAAAAAAAI/AAAAAAAAAAA/mEi3-YALjnw/s240-c-k-no/photo.jpg
53,arianagrandevevo,"14,075,152,353",https://yt3.ggpht.com/-u_W-R7bGk1c/AAAAAAAAAAI/AAAAAAAAAAA/u6lamzb3BPc/s240-c-k-no/photo.jpg
54,sonymusicindiavevo,"13,948,019,041",https://yt3.ggpht.com/-_olFCQc6tyQ/AAAAAAAAAAI/AAAAAAAAAAA/wMS142GUB3Y/s240-c-k-no/photo.jpg
55,popularmmos,"13,897,280,374",https://yt3.ggpht.com/-ZTmDqvhaw30/AAAAAAAAAAI/AAAAAAAAAAA/1wk5CSaMbc8/s240-c-k-no/photo.jpg
56,sonymusicindiasme,"13,890,819,426",https://yt3.ggpht.com/-EP8xF7xkBNk/AAAAAAAAAAI/AAAAAAAAAAA/kZEUO1D53yE/s240-c-k-no/photo.jpg
57,erosentertainment,"13,683,635,411",https://yt3.ggpht.com/-z_xso_HYtr0/AAAAAAAAAAI/AAAAAAAAAAA/cXAdoUoLsZU/s240-c-k-no/photo.jpg
58,watchmojo,"13,542,958,607",https://yt3.ggpht.com/-kxwMJ5qEly4/AAAAAAAAAAI/AAAAAAAAAAA/OnWpxwxu64o/s240-c-k-no/photo.jpg
59,cookieswirlc,"13,323,100,932",https://yt3.ggpht.com/-oX4t4rxK9ic/AAAAAAAAAAI/AAAAAAAAAAA/zpUPT1t2-Gs/s240-c-k-no/photo.jpg
60,markipliergame,"13,219,090,665",https://yt3.ggpht.com/-aSj-EnOjUkc/AAAAAAAAAAI/AAAAAAAAAAA/lQiWTDY9Sd0/s240-c-k-no/photo.jpg
61,SesameStreet,"13,198,665,748",https://yt3.ggpht.com/-Udx0C3ZTHUg/AAAAAAAAAAI/AAAAAAAAAAA/3BE1yYHQccs/s240-c-k-no/photo.jpg
62,latenight,"13,061,580,546",https://yt3.ggpht.com/-x3CU1CXklQI/AAAAAAAAAAI/AAAAAAAAAAA/jPQ9GJeU53g/s240-c-k-no/photo.jpg
63,nickyjamtv,"13,035,655,527",https://yt3.ggpht.com/-EcQZv3o3Xk4/AAAAAAAAAAI/AAAAAAAAAAA/kNihJYh7Eg4/s240-c-k-no/photo.jpg
64,UltraRecords,"12,834,139,301",https://yt3.ggpht.com/-hqAculmZ2BM/AAAAAAAAAAI/AAAAAAAAAAA/ifJCfKFSja8/s240-c-k-no/photo.jpg
65,jacksepticeye,"12,814,009,154",https://yt3.ggpht.com/-6KbRToTL_9o/AAAAAAAAAAI/AAAAAAAAAAA/byNnz42pdGk/s240-c-k-no/photo.jpg
66,disneymusicvevo,"12,774,780,295",https://yt3.ggpht.com/-rr9-6nH1pzU/AAAAAAAAAAI/AAAAAAAAAAA/6wMsm59AXQs/s240-c-k-no/photo.jpg
67,tipsmusic,"12,771,498,368",https://yt3.ggpht.com/-somrUubvTcc/AAAAAAAAAAI/AAAAAAAAAAA/qkf3SJhH3MI/s240-c-k-no/photo.jpg
68,EnriqueIglesiasVEVO,"12,646,752,230",https://yt3.ggpht.com/-qsK10MKa204/AAAAAAAAAAI/AAAAAAAAAAA/pWY83V_O3Rg/s240-c-k-no/photo.jpg
69,davidguettavevo,"12,625,400,480",https://yt3.ggpht.com/-p2VTrltKNWw/AAAAAAAAAAI/AAAAAAAAAAA/FkJ2SyyrUMA/s240-c-k-no/photo.jpg
70,vanossgaming,"12,577,057,045",https://yt3.ggpht.com/-CCKHNHdlWLI/AAAAAAAAAAI/AAAAAAAAAAA/5ccNwzQGPVI/s240-c-k-no/photo.jpg
71,shemarooent,"12,566,315,427",https://yt3.ggpht.com/-gNCHIHE-ea8/AAAAAAAAAAI/AAAAAAAAAAA/rBlB0Cyb1R8/s240-c-k-no/photo.jpg
72,vegetta777,"12,450,000,479",https://yt3.ggpht.com/-ohGIQPtst3s/AAAAAAAAAAI/AAAAAAAAAAA/OF33RHKNaOQ/s240-c-k-no/photo.jpg
73,tseriesbhakti,"12,235,215,736",https://yt3.ggpht.com/-7MWNWoAvpc0/AAAAAAAAAAI/AAAAAAAAAAA/LD6OwKGV2mQ/s240-c-k-no/photo.jpg
74,ultrahindi,"12,138,464,670",https://yt3.ggpht.com/-3cMFsbWm8o0/AAAAAAAAAAI/AAAAAAAAAAA/vbCbTk2nX8k/s240-c-k-no/photo.jpg
75,itsbabybigmouth,"12,069,394,906",https://yt3.ggpht.com/-jR-nVOpmQkw/AAAAAAAAAAI/AAAAAAAAAAA/aK-6m6meSt8/s240-c-k-no/photo.jpg
76,ElektraRecords,"11,955,805,536",https://yt3.ggpht.com/-Ymp7v1ycCBA/AAAAAAAAAAI/AAAAAAAAAAA/-R7WfWSAkag/s240-c-k-no/photo.jpg
77,cancionesdelagranja,"11,932,178,870",https://yt3.ggpht.com/-BV-jCbRG4qU/AAAAAAAAAAI/AAAAAAAAAAA/3K6grU4W-qY/s240-c-k-no/photo.jpg
78,calvinharrisvevo,"11,870,939,202",https://yt3.ggpht.com/-m7gljfTYh_s/AAAAAAAAAAI/AAAAAAAAAAA/iBygGTm9v1k/s240-c-k-no/photo.jpg
79,tseriesapnapunjab,"11,722,340,109",https://yt3.ggpht.com/-q_AgSS9Mdjs/AAAAAAAAAAI/AAAAAAAAAAA/kWQ1pTz89jY/s240-c-k-no/photo.jpg
80,movieclipstrailers,"11,610,239,155",https://yt3.ggpht.com/-IT-HVCNwnkU/AAAAAAAAAAI/AAAAAAAAAAA/UpKKb5P-gkk/s240-c-k-no/photo.jpg
81,sonybmg,0,https://i.ytimg.com/i/2jKc-5h-p5mi5c9_tsfBXA/hq1.jpg
82,infobellshindirhymes,"11,590,818,921",https://yt3.ggpht.com/-_U3fJgNTVKE/AAAAAAAAAAI/AAAAAAAAAAA/0dqbN6JG0to/s240-c-k-no/photo.jpg
83,buzzfeedyellow,"11,475,480,318",https://yt3.ggpht.com/-qx3h-z3lc9w/AAAAAAAAAAI/AAAAAAAAAAA/QKFUBQtVG6A/s240-c-k-no/photo.jpg
84,aajtaktv,"11,409,222,215",https://yt3.ggpht.com/-ZE5JmiUBlGo/AAAAAAAAAAI/AAAAAAAAAAA/JU-NHnMeaY8/s240-c-k-no/photo.jpg
85,lego,"11,233,492,560",https://yt3.ggpht.com/-8hF1HXdXYJU/AAAAAAAAAAI/AAAAAAAAAAA/CMAYw_AboXg/s240-c-k-no/photo.jpg
86,juegagerman,"11,125,117,262",https://yt3.ggpht.com/-PPtgop-zx1c/AAAAAAAAAAI/AAAAAAAAAAA/4e4AOO7ArcQ/s240-c-k-no/photo.jpg
87,disneychannella,"10,963,855,981",https://yt3.ggpht.com/-GhnXc5WmeZg/AAAAAAAAAAI/AAAAAAAAAAA/BSC8DkZJ4LQ/s240-c-k-no/photo.jpg
88,alltrapnation,"10,844,317,315",https://yt3.ggpht.com/-OubelVu27eg/AAAAAAAAAAI/AAAAAAAAAAA/KYPAc_d1Z-8/s240-c-k-no/photo.jpg
89,daddyyankeeofftv,"10,822,360,199",https://yt3.ggpht.com/-yxn5yYIvwsg/AAAAAAAAAAI/AAAAAAAAAAA/wJ1-TGEkzTY/s240-c-k-no/photo.jpg
90,beyonceVEVO,"10,822,312,260",https://yt3.ggpht.com/-UqZ1JKav00Q/AAAAAAAAAAI/AAAAAAAAAAA/YKBnbgUTIKU/s240-c-k-no/photo.jpg
91,corycotton,"10,739,193,161",https://yt3.ggpht.com/-256o76I3YUo/AAAAAAAAAAI/AAAAAAAAAAA/cESWDt8qKyc/s240-c-k-no/photo.jpg
92,rajshri,"10,640,123,068",https://yt3.ggpht.com/-hlYJC0p4i1o/AAAAAAAAAAI/AAAAAAAAAAA/7NO4haka9bo/s240-c-k-no/photo.jpg
93,malumavevo,"10,561,136,006",https://yt3.ggpht.com/-MNkkg5RcEoM/AAAAAAAAAAI/AAAAAAAAAAA/VhvPWeWbEAQ/s240-c-k-no/photo.jpg
94,IGNentertainment,"10,533,622,628",https://yt3.ggpht.com/-CUStYqbZjKk/AAAAAAAAAAI/AAAAAAAAAAA/-WVBoj_7FTs/s240-c-k-no/photo.jpg
95,FueledByRamen,"10,469,374,286",https://yt3.ggpht.com/-bUBEf_KnYVA/AAAAAAAAAAI/AAAAAAAAAAA/lE2zjbw3mSc/s240-c-k-no/photo.jpg
96,rezendeevil,"10,382,643,990",https://yt3.ggpht.com/-bIkhJe7-vdk/AAAAAAAAAAI/AAAAAAAAAAA/m5AyW98M-CY/s240-c-k-no/photo.jpg
97,ColdplayVEVO,"10,336,553,197",https://yt3.ggpht.com/-5E9R-kUK4H0/AAAAAAAAAAI/AAAAAAAAAAA/8RWanSWSVOI/s240-c-k-no/photo.jpg
98,Familyfunpack,"10,185,615,083",https://yt3.ggpht.com/-ka4JQsRydvk/AAAAAAAAAAI/AAAAAAAAAAA/e_mtJbDK-j0/s240-c-k-no-mo-rj-c0xffffff/p
99,etvteluguindia,"10,088,621,248",https://yt3.ggpht.com/-l9h4BTygfcE/AAAAAAAAAAI/AAAAAAAAAAA/MCqUDArHxXg/s240-c-k-no/photo.jpg
100,felipeneto,"10,001,282,035",https://yt3.ggpht.com/-ibT2KF5cM1k/AAAAAAAAAAI/AAAAAAAAAAA/x2r1pYeth5o/s240-c-k-no/photo.jpg
